{"p50_latency": 14.498114585876465, "p95_latency": 16.569912433624264, "p99_latency": 18.03922176361084, "throughput": 14.983000224782298}