{"p50_latency": 12.990474700927734, "p95_latency": 13.400208950042725, "p99_latency": 13.919086456298828, "throughput": 29.999964129428527}